Datetime,Open,High,Low,Close,Volume,Dividends,Stock Splits,Capital Gains
2026-04-09 09:30:00-04:00,620.3400268554688,620.7100219726562,620.0,620.2000122070312,721587,0.0,0.0,0.0
2026-04-09 09:35:00-04:00,620.2000122070312,620.760009765625,620.0399780273438,620.719970703125,64835,0.0,0.0,0.0
2026-04-09 09:40:00-04:00,620.469970703125,621.219970703125,620.4099731445312,621.0,52414,0.0,0.0,0.0
2026-04-09 09:45:00-04:00,621.02001953125,621.1381225585938,620.489990234375,620.9400024414062,78322,0.0,0.0,0.0
2026-04-09 09:50:00-04:00,620.8499145507812,620.8499145507812,620.25,620.369873046875,99747,0.0,0.0,0.0
2026-04-09 09:55:00-04:00,620.3099975585938,620.7899780273438,620.1799926757812,620.7100219726562,67161,0.0,0.0,0.0
2026-04-09 10:00:00-04:00,620.7890014648438,620.9299926757812,620.3939819335938,620.9149780273438,44635,0.0,0.0,0.0
2026-04-09 10:05:00-04:00,620.8099975585938,621.0800170898438,620.47998046875,620.52001953125,50890,0.0,0.0,0.0
2026-04-09 10:10:00-04:00,620.4849853515625,620.9600219726562,620.2650146484375,620.2899780273438,51372,0.0,0.0,0.0
2026-04-09 10:15:00-04:00,620.25,620.25,619.739990234375,619.9400024414062,67538,0.0,0.0,0.0
2026-04-09 10:20:00-04:00,619.9349975585938,620.260009765625,619.8400268554688,620.0999755859375,53593,0.0,0.0,0.0
2026-04-09 10:25:00-04:00,620.1199951171875,620.1199951171875,619.5499877929688,619.760009765625,41341,0.0,0.0,0.0
2026-04-09 10:30:00-04:00,619.8800048828125,619.9500122070312,619.4000244140625,619.6599731445312,58957,0.0,0.0,0.0
2026-04-09 10:35:00-04:00,619.75,620.0800170898438,619.469970703125,620.0499877929688,37493,0.0,0.0,0.0
2026-04-09 10:40:00-04:00,620.0,620.1749877929688,619.7637939453125,619.8316040039062,38543,0.0,0.0,0.0
2026-04-09 10:45:00-04:00,619.8200073242188,620.4000244140625,619.8200073242188,620.2899780273438,58856,0.0,0.0,0.0
2026-04-09 10:50:00-04:00,620.280029296875,620.656494140625,620.27001953125,620.6400146484375,86132,0.0,0.0,0.0
2026-04-09 10:55:00-04:00,620.6998901367188,620.9600219726562,620.47998046875,620.8200073242188,35214,0.0,0.0,0.0
2026-04-09 11:00:00-04:00,620.7999877929688,620.8400268554688,620.1500244140625,620.48876953125,29399,0.0,0.0,0.0
2026-04-09 11:05:00-04:00,620.52001953125,620.619873046875,620.3565063476562,620.510009765625,33271,0.0,0.0,0.0
2026-04-09 11:10:00-04:00,620.5150146484375,621.25,620.5150146484375,621.2000122070312,55195,0.0,0.0,0.0
2026-04-09 11:15:00-04:00,621.1699829101562,621.844970703125,621.1699829101562,621.8200073242188,49611,0.0,0.0,0.0
2026-04-09 11:20:00-04:00,621.8300170898438,621.8800048828125,621.4650268554688,621.6900024414062,33168,0.0,0.0,0.0
2026-04-09 11:25:00-04:00,621.6900024414062,621.6900024414062,621.2349853515625,621.4161987304688,35604,0.0,0.0,0.0
2026-04-09 11:30:00-04:00,621.3499755859375,623.3300170898438,621.1799926757812,622.75,107272,0.0,0.0,0.0
2026-04-09 11:35:00-04:00,622.7550048828125,623.114990234375,622.1900024414062,622.5150146484375,141992,0.0,0.0,0.0
2026-04-09 11:40:00-04:00,622.719970703125,623.0900268554688,622.6699829101562,622.7750244140625,330439,0.0,0.0,0.0
2026-04-09 11:45:00-04:00,622.7999877929688,623.6099853515625,622.469970703125,623.2849731445312,53106,0.0,0.0,0.0
2026-04-09 11:50:00-04:00,623.2100830078125,623.780029296875,623.2100830078125,623.75,39877,0.0,0.0,0.0
2026-04-09 11:55:00-04:00,623.760009765625,624.0900268554688,623.760009765625,624.02001953125,53906,0.0,0.0,0.0
2026-04-09 12:00:00-04:00,624.0999755859375,625.7788696289062,624.0349731445312,625.1099853515625,102313,0.0,0.0,0.0
2026-04-09 12:05:00-04:00,625.0599975585938,625.4000244140625,624.8200073242188,624.9849853515625,65762,0.0,0.0,0.0
2026-04-09 12:10:00-04:00,624.9600219726562,625.27978515625,624.6599731445312,624.6599731445312,63089,0.0,0.0,0.0
2026-04-09 12:15:00-04:00,624.6599731445312,625.4197998046875,624.5900268554688,625.3699951171875,66058,0.0,0.0,0.0
2026-04-09 12:20:00-04:00,625.375,625.4500122070312,624.9099731445312,624.9299926757812,48236,0.0,0.0,0.0
2026-04-09 12:25:00-04:00,624.9298706054688,625.1599731445312,624.77001953125,625.02001953125,49479,0.0,0.0,0.0
2026-04-09 12:30:00-04:00,625.02001953125,625.0999755859375,624.6300048828125,624.8099975585938,57585,0.0,0.0,0.0
2026-04-09 12:35:00-04:00,624.8400268554688,624.85498046875,624.4000244140625,624.4730834960938,35242,0.0,0.0,0.0
2026-04-09 12:40:00-04:00,624.5599975585938,624.5900268554688,624.239990234375,624.5150146484375,34019,0.0,0.0,0.0
2026-04-09 12:45:00-04:00,624.5050048828125,624.530029296875,624.1599731445312,624.3350219726562,45793,0.0,0.0,0.0
2026-04-09 12:50:00-04:00,624.3800048828125,625.2100219726562,624.3800048828125,625.0499877929688,47760,0.0,0.0,0.0
2026-04-09 12:55:00-04:00,625.0460205078125,625.0999755859375,624.8400268554688,624.9827270507812,42849,0.0,0.0,0.0
2026-04-09 13:00:00-04:00,625.0,625.25,624.8400268554688,625.25,32753,0.0,0.0,0.0
2026-04-09 13:05:00-04:00,625.25,625.7000122070312,625.0800170898438,625.5900268554688,80620,0.0,0.0,0.0
2026-04-09 13:10:00-04:00,625.5700073242188,625.77001953125,625.3699951171875,625.4864501953125,45840,0.0,0.0,0.0
2026-04-09 13:15:00-04:00,625.4099731445312,626.02001953125,625.3900146484375,625.8489990234375,63872,0.0,0.0,0.0
2026-04-09 13:20:00-04:00,625.8300170898438,625.889892578125,625.5399780273438,625.6099853515625,41876,0.0,0.0,0.0
2026-04-09 13:25:00-04:00,625.64990234375,625.6500244140625,625.3499755859375,625.3889770507812,49601,0.0,0.0,0.0
2026-04-09 13:30:00-04:00,625.3499755859375,625.3800048828125,624.8099975585938,625.2999877929688,68361,0.0,0.0,0.0
2026-04-09 13:35:00-04:00,625.2700805664062,626.0499877929688,625.2700805664062,626.010009765625,32999,0.0,0.0,0.0
2026-04-09 13:40:00-04:00,626.0200805664062,626.1699829101562,625.5800170898438,625.6900024414062,25640,0.0,0.0,0.0
2026-04-09 13:45:00-04:00,625.7000122070312,625.9450073242188,625.6099853515625,625.8400268554688,40761,0.0,0.0,0.0
2026-04-09 13:50:00-04:00,625.7899780273438,625.7899780273438,625.4299926757812,625.5999755859375,22727,0.0,0.0,0.0
2026-04-09 13:55:00-04:00,625.5800170898438,625.5963745117188,625.4500122070312,625.5963745117188,45484,0.0,0.0,0.0
2026-04-09 14:00:00-04:00,625.5999755859375,625.6599731445312,623.9299926757812,624.27001953125,67761,0.0,0.0,0.0
2026-04-09 14:05:00-04:00,624.469970703125,624.9149780273438,624.2849731445312,624.6400146484375,43776,0.0,0.0,0.0
2026-04-09 14:10:00-04:00,624.6300048828125,624.75,624.1801147460938,624.4199829101562,47235,0.0,0.0,0.0
2026-04-09 14:15:00-04:00,624.3800048828125,624.7100219726562,624.27001953125,624.489990234375,31830,0.0,0.0,0.0
2026-04-09 14:20:00-04:00,624.469970703125,624.6099853515625,623.9000854492188,624.089599609375,37850,0.0,0.0,0.0
2026-04-09 14:25:00-04:00,624.1400146484375,624.3499755859375,623.8099975585938,624.0899047851562,41120,0.0,0.0,0.0
2026-04-09 14:30:00-04:00,624.0599975585938,624.219970703125,623.7000122070312,623.8499755859375,26676,0.0,0.0,0.0
2026-04-09 14:35:00-04:00,623.8400268554688,624.5499877929688,623.7899780273438,624.4400024414062,41151,0.0,0.0,0.0
2026-04-09 14:40:00-04:00,624.4149780273438,624.5537719726562,624.02001953125,624.1649780273438,27496,0.0,0.0,0.0
2026-04-09 14:45:00-04:00,624.1649780273438,624.4000244140625,624.1099853515625,624.369873046875,37198,0.0,0.0,0.0
2026-04-09 14:50:00-04:00,624.3300170898438,624.4099731445312,623.9949951171875,624.219970703125,41810,0.0,0.0,0.0
2026-04-09 14:55:00-04:00,624.280029296875,624.47998046875,624.239990234375,624.3049926757812,58261,0.0,0.0,0.0
2026-04-09 15:00:00-04:00,624.2899780273438,624.8800048828125,624.1400146484375,624.72998046875,52011,0.0,0.0,0.0
2026-04-09 15:05:00-04:00,624.719970703125,625.1599731445312,624.5650024414062,625.1229858398438,23802,0.0,0.0,0.0
2026-04-09 15:10:00-04:00,625.1500244140625,625.306396484375,625.0789794921875,625.135009765625,79698,0.0,0.0,0.0
2026-04-09 15:15:00-04:00,625.1300048828125,625.2999267578125,624.75,624.8300170898438,84557,0.0,0.0,0.0
2026-04-09 15:20:00-04:00,624.8200073242188,625.0150146484375,624.739990234375,625.0,25075,0.0,0.0,0.0
2026-04-09 15:25:00-04:00,625.0050048828125,625.18798828125,624.9299926757812,625.0399780273438,41432,0.0,0.0,0.0
2026-04-09 15:30:00-04:00,625.030029296875,625.72998046875,625.010009765625,625.361572265625,35986,0.0,0.0,0.0
2026-04-09 15:35:00-04:00,625.4199829101562,625.625,625.2401123046875,625.3400268554688,40091,0.0,0.0,0.0
2026-04-09 15:40:00-04:00,625.3699951171875,625.5349731445312,625.1099853515625,625.4600219726562,79113,0.0,0.0,0.0
2026-04-09 15:45:00-04:00,625.4500122070312,625.5999755859375,625.1900024414062,625.2550048828125,39471,0.0,0.0,0.0
2026-04-09 15:50:00-04:00,625.260009765625,625.7000122070312,625.1699829101562,625.5900268554688,55946,0.0,0.0,0.0
2026-04-09 15:55:00-04:00,625.5700073242188,625.5700073242188,624.989990234375,624.989990234375,151962,0.0,0.0,0.0
2026-04-10 09:30:00-04:00,626.3250122070312,626.9000244140625,625.97998046875,626.010009765625,399506,0.0,0.0,0.0
2026-04-10 09:35:00-04:00,625.989990234375,626.1699829101562,625.6099853515625,625.8250122070312,70166,0.0,0.0,0.0
2026-04-10 09:40:00-04:00,625.7750244140625,626.0250244140625,625.580078125,625.89501953125,57638,0.0,0.0,0.0
2026-04-10 09:45:00-04:00,625.9500122070312,626.02001953125,625.4201049804688,625.5800170898438,56973,0.0,0.0,0.0
2026-04-10 09:50:00-04:00,625.6199951171875,625.8699951171875,625.260009765625,625.8300170898438,49683,0.0,0.0,0.0
2026-04-10 09:55:00-04:00,625.8099975585938,625.9453735351562,625.6749877929688,625.8400268554688,58549,0.0,0.0,0.0
2026-04-10 10:00:00-04:00,625.760009765625,625.780029296875,625.1417236328125,625.6309814453125,75974,0.0,0.0,0.0
2026-04-10 10:05:00-04:00,625.5599975585938,625.8099975585938,625.351806640625,625.6300048828125,35853,0.0,0.0,0.0
2026-04-10 10:10:00-04:00,625.60498046875,626.27001953125,625.25,626.260009765625,40798,0.0,0.0,0.0
2026-04-10 10:15:00-04:00,626.2999877929688,626.3699951171875,625.9949951171875,626.3400268554688,89941,0.0,0.0,0.0
2026-04-10 10:20:00-04:00,626.3599853515625,626.4500122070312,626.1500244140625,626.39501953125,36214,0.0,0.0,0.0
2026-04-10 10:25:00-04:00,626.3831787109375,626.5599975585938,626.27001953125,626.510009765625,37833,0.0,0.0,0.0
2026-04-10 10:30:00-04:00,626.5599975585938,626.8900146484375,626.4600219726562,626.510009765625,56130,0.0,0.0,0.0
2026-04-10 10:35:00-04:00,626.510009765625,626.6699829101562,626.3599853515625,626.4498901367188,47240,0.0,0.0,0.0
2026-04-10 10:40:00-04:00,626.4349975585938,626.5,625.5198974609375,625.905029296875,67600,0.0,0.0,0.0
2026-04-10 10:45:00-04:00,625.9299926757812,626.3699951171875,625.7249755859375,625.7899780273438,37477,0.0,0.0,0.0
2026-04-10 10:50:00-04:00,625.7899780273438,626.3499755859375,625.77001953125,625.85498046875,30764,0.0,0.0,0.0
2026-04-10 10:55:00-04:00,625.85498046875,626.52001953125,625.75,626.3900146484375,45812,0.0,0.0,0.0
2026-04-10 11:00:00-04:00,626.3400268554688,626.4500122070312,626.1199951171875,626.1500244140625,52419,0.0,0.0,0.0
2026-04-10 11:05:00-04:00,626.155029296875,626.5499877929688,625.9655151367188,626.4201049804688,89463,0.0,0.0,0.0
2026-04-10 11:10:00-04:00,626.4099731445312,626.7000122070312,626.2899780273438,626.619873046875,53612,0.0,0.0,0.0
2026-04-10 11:15:00-04:00,626.5900268554688,626.8099975585938,626.5,626.5449829101562,47983,0.0,0.0,0.0
2026-04-10 11:20:00-04:00,626.5399780273438,626.989990234375,626.5,626.9199829101562,37581,0.0,0.0,0.0
2026-04-10 11:25:00-04:00,626.9199829101562,626.9299926757812,626.1906127929688,626.27001953125,72969,0.0,0.0,0.0
2026-04-10 11:30:00-04:00,626.280029296875,626.4600219726562,625.760009765625,625.9000244140625,44464,0.0,0.0,0.0
2026-04-10 11:35:00-04:00,625.9199829101562,626.044921875,625.4500122070312,625.4600219726562,60937,0.0,0.0,0.0
2026-04-10 11:40:00-04:00,625.530029296875,625.5999755859375,625.2000122070312,625.5700073242188,38803,0.0,0.0,0.0
2026-04-10 11:45:00-04:00,625.510009765625,625.760009765625,625.260009765625,625.3300170898438,49955,0.0,0.0,0.0
2026-04-10 11:50:00-04:00,625.3300170898438,625.4500122070312,624.8900146484375,624.919677734375,68823,0.0,0.0,0.0
2026-04-10 11:55:00-04:00,624.8900146484375,624.9000244140625,624.3099975585938,624.5999755859375,45031,0.0,0.0,0.0
2026-04-10 12:00:00-04:00,624.6400146484375,624.7000122070312,624.3300170898438,624.469970703125,43009,0.0,0.0,0.0
2026-04-10 12:05:00-04:00,624.469970703125,624.7130737304688,624.2999877929688,624.530029296875,30646,0.0,0.0,0.0
2026-04-10 12:10:00-04:00,624.530029296875,625.2100219726562,624.52001953125,625.0499877929688,39426,0.0,0.0,0.0
2026-04-10 12:15:00-04:00,625.010009765625,625.2000122070312,624.8900146484375,624.9749755859375,25987,0.0,0.0,0.0
2026-04-10 12:20:00-04:00,624.9500122070312,625.030029296875,624.6400146484375,625.030029296875,27134,0.0,0.0,0.0
2026-04-10 12:25:00-04:00,625.0,625.02001953125,624.5700073242188,624.6799926757812,31652,0.0,0.0,0.0
2026-04-10 12:30:00-04:00,624.6599731445312,624.8800048828125,624.3900146484375,624.5700073242188,31878,0.0,0.0,0.0
2026-04-10 12:35:00-04:00,624.5599975585938,624.5999755859375,624.2000122070312,624.280029296875,50542,0.0,0.0,0.0
2026-04-10 12:40:00-04:00,624.25,624.3400268554688,623.719970703125,623.9099731445312,400974,0.0,0.0,0.0
2026-04-10 12:45:00-04:00,623.9882202148438,624.4166259765625,623.864990234375,624.4166259765625,26870,0.0,0.0,0.0
2026-04-10 12:50:00-04:00,624.4299926757812,624.8300170898438,624.22998046875,624.6599731445312,47784,0.0,0.0,0.0
2026-04-10 12:55:00-04:00,624.6900024414062,624.719970703125,624.5050048828125,624.6599731445312,29505,0.0,0.0,0.0
2026-04-10 13:00:00-04:00,624.6699829101562,624.6699829101562,624.0250244140625,624.0250244140625,26491,0.0,0.0,0.0
2026-04-10 13:05:00-04:00,624.0449829101562,624.2219848632812,623.8759765625,624.10009765625,25302,0.0,0.0,0.0
2026-04-10 13:10:00-04:00,624.1500244140625,624.3599853515625,623.9199829101562,624.2999877929688,25787,0.0,0.0,0.0
2026-04-10 13:15:00-04:00,624.3699951171875,624.4199829101562,624.0349731445312,624.2100219726562,38108,0.0,0.0,0.0
2026-04-10 13:20:00-04:00,624.22998046875,624.25,623.844970703125,624.0449829101562,30840,0.0,0.0,0.0
2026-04-10 13:25:00-04:00,624.0700073242188,624.2999877929688,623.8699951171875,623.905029296875,28100,0.0,0.0,0.0
2026-04-10 13:30:00-04:00,623.8900146484375,624.219970703125,623.719970703125,624.0650024414062,25258,0.0,0.0,0.0
2026-04-10 13:35:00-04:00,624.0499877929688,624.260009765625,623.9500732421875,624.2100219726562,22678,0.0,0.0,0.0
2026-04-10 13:40:00-04:00,624.18017578125,624.4400024414062,624.02001953125,624.3800048828125,33600,0.0,0.0,0.0
2026-04-10 13:45:00-04:00,624.3825073242188,624.5,624.3099975585938,624.469970703125,35830,0.0,0.0,0.0
2026-04-10 13:50:00-04:00,624.4199829101562,624.6900024414062,624.4199829101562,624.6749877929688,35557,0.0,0.0,0.0
2026-04-10 13:55:00-04:00,624.6699829101562,624.6950073242188,624.5399780273438,624.6302490234375,49377,0.0,0.0,0.0
2026-04-10 14:00:00-04:00,624.6400146484375,624.6500244140625,624.22998046875,624.25,32453,0.0,0.0,0.0
2026-04-10 14:05:00-04:00,624.2550048828125,624.3699951171875,624.080078125,624.1912841796875,45979,0.0,0.0,0.0
2026-04-10 14:10:00-04:00,624.22998046875,624.47998046875,624.1799926757812,624.3699951171875,32277,0.0,0.0,0.0
2026-04-10 14:15:00-04:00,624.4199829101562,624.719970703125,624.4199829101562,624.6799926757812,34934,0.0,0.0,0.0
2026-04-10 14:20:00-04:00,624.6599731445312,624.8599853515625,624.6199951171875,624.6400146484375,38542,0.0,0.0,0.0
2026-04-10 14:25:00-04:00,624.6199951171875,624.719970703125,624.52001953125,624.5999755859375,93203,0.0,0.0,0.0
2026-04-10 14:30:00-04:00,624.6099853515625,624.6400146484375,624.375,624.5337524414062,27570,0.0,0.0,0.0
2026-04-10 14:35:00-04:00,624.5,624.6099853515625,624.3499755859375,624.4400024414062,31911,0.0,0.0,0.0
2026-04-10 14:40:00-04:00,624.4400024414062,624.5,624.1199951171875,624.3300170898438,33838,0.0,0.0,0.0
2026-04-10 14:45:00-04:00,624.280029296875,624.4594116210938,624.239990234375,624.3599853515625,22821,0.0,0.0,0.0
2026-04-10 14:50:00-04:00,624.3200073242188,624.469970703125,624.2902221679688,624.4600219726562,48698,0.0,0.0,0.0
2026-04-10 14:55:00-04:00,624.469970703125,624.5800170898438,624.3400268554688,624.530029296875,30663,0.0,0.0,0.0
2026-04-10 15:00:00-04:00,624.5150146484375,624.8099975585938,624.5,624.760009765625,57227,0.0,0.0,0.0
2026-04-10 15:05:00-04:00,624.77001953125,624.8900146484375,624.6950073242188,624.7349853515625,39228,0.0,0.0,0.0
2026-04-10 15:10:00-04:00,624.75,625.1199951171875,624.72998046875,625.0999755859375,30237,0.0,0.0,0.0
2026-04-10 15:15:00-04:00,625.1099853515625,625.1099853515625,624.9000244140625,625.0,33237,0.0,0.0,0.0
2026-04-10 15:20:00-04:00,625.030029296875,625.0999755859375,624.760009765625,624.8051147460938,43085,0.0,0.0,0.0
2026-04-10 15:25:00-04:00,624.8049926757812,624.8400268554688,624.6430053710938,624.8001098632812,33481,0.0,0.0,0.0
2026-04-10 15:30:00-04:00,624.7899780273438,624.7899780273438,624.510009765625,624.5899047851562,41855,0.0,0.0,0.0
2026-04-10 15:35:00-04:00,624.5599975585938,624.6699829101562,624.1801147460938,624.27001953125,48019,0.0,0.0,0.0
2026-04-10 15:40:00-04:00,624.2650146484375,624.4199829101562,623.9600830078125,624.3049926757812,42571,0.0,0.0,0.0
2026-04-10 15:45:00-04:00,624.3200073242188,624.4299926757812,623.9099731445312,624.0800170898438,68998,0.0,0.0,0.0
2026-04-10 15:50:00-04:00,624.0399780273438,624.4400024414062,623.9000244140625,624.0999755859375,87657,0.0,0.0,0.0
2026-04-10 15:55:00-04:00,624.1099853515625,624.6900024414062,623.9600830078125,624.510009765625,364704,0.0,0.0,0.0
2026-04-13 09:30:00-04:00,622.75,623.1900024414062,622.36962890625,622.7999877929688,525451,0.0,0.0,0.0
2026-04-13 09:35:00-04:00,622.6849975585938,622.7100219726562,621.97998046875,622.6069946289062,104484,0.0,0.0,0.0
2026-04-13 09:40:00-04:00,622.5499877929688,622.7999877929688,622.219970703125,622.3099975585938,54540,0.0,0.0,0.0
2026-04-13 09:45:00-04:00,622.2999877929688,624.1500244140625,622.0800170898438,624.0399780273438,105373,0.0,0.0,0.0
2026-04-13 09:50:00-04:00,624.010009765625,624.5490112304688,623.280029296875,623.8599853515625,153208,0.0,0.0,0.0
2026-04-13 09:55:00-04:00,623.9600219726562,624.8800048828125,623.6599731445312,624.8800048828125,80849,0.0,0.0,0.0
2026-04-13 10:00:00-04:00,624.8499755859375,625.0999755859375,624.0599975585938,624.510009765625,106987,0.0,0.0,0.0
2026-04-13 10:05:00-04:00,624.5,624.9000854492188,624.3699951171875,624.5399780273438,70212,0.0,0.0,0.0
2026-04-13 10:10:00-04:00,624.5050048828125,624.5399780273438,624.094970703125,624.2949829101562,32271,0.0,0.0,0.0
2026-04-13 10:15:00-04:00,624.280029296875,624.2899780273438,623.780029296875,624.1900024414062,38800,0.0,0.0,0.0
2026-04-13 10:20:00-04:00,624.1890258789062,624.6400756835938,623.6500244140625,624.6400756835938,55459,0.0,0.0,0.0
2026-04-13 10:25:00-04:00,624.5,624.739990234375,624.3800048828125,624.6671752929688,29918,0.0,0.0,0.0
2026-04-13 10:30:00-04:00,624.6599731445312,625.0900268554688,624.6500244140625,624.8900146484375,53392,0.0,0.0,0.0
2026-04-13 10:35:00-04:00,624.8798828125,624.8798828125,624.489990234375,624.6799926757812,36206,0.0,0.0,0.0
2026-04-13 10:40:00-04:00,624.6599731445312,625.2100219726562,624.64501953125,625.0900268554688,46026,0.0,0.0,0.0
2026-04-13 10:45:00-04:00,625.090087890625,625.1799926757812,624.6621704101562,624.7000122070312,392817,0.0,0.0,0.0
2026-04-13 10:50:00-04:00,624.77001953125,625.3200073242188,624.6699829101562,625.219970703125,41594,0.0,0.0,0.0
2026-04-13 10:55:00-04:00,625.1900024414062,625.7050170898438,625.0,625.5900268554688,64854,0.0,0.0,0.0
2026-04-13 11:00:00-04:00,625.5828857421875,625.6099853515625,624.8499755859375,624.9149780273438,46890,0.0,0.0,0.0
2026-04-13 11:05:00-04:00,624.8900146484375,625.1649780273438,624.7999877929688,625.0999755859375,46311,0.0,0.0,0.0
2026-04-13 11:10:00-04:00,625.1099853515625,625.3699951171875,624.9500122070312,625.1300048828125,29617,0.0,0.0,0.0
2026-04-13 11:15:00-04:00,625.1500244140625,625.280029296875,624.77001953125,624.8099975585938,41554,0.0,0.0,0.0
2026-04-13 11:20:00-04:00,624.8250122070312,625.1599731445312,624.75,624.8001098632812,33333,0.0,0.0,0.0
2026-04-13 11:25:00-04:00,624.780029296875,624.97998046875,624.6599731445312,624.6900024414062,40565,0.0,0.0,0.0
2026-04-13 11:30:00-04:00,624.6599731445312,624.75,624.4099731445312,624.64501953125,40861,0.0,0.0,0.0
2026-04-13 11:35:00-04:00,624.719970703125,625.3699951171875,624.52001953125,625.094970703125,120406,0.0,0.0,0.0
2026-04-13 11:40:00-04:00,625.1099853515625,625.1798706054688,624.6207275390625,624.690185546875,37303,0.0,0.0,0.0
2026-04-13 11:45:00-04:00,624.6699829101562,624.7899780273438,624.489990234375,624.659912109375,27999,0.0,0.0,0.0
2026-04-13 11:50:00-04:00,624.6599731445312,624.7000122070312,624.510009765625,624.510009765625,69752,0.0,0.0,0.0
2026-04-13 11:55:00-04:00,624.5,624.780029296875,624.489990234375,624.6500244140625,100232,0.0,0.0,0.0
2026-04-13 12:00:00-04:00,624.6500244140625,624.739990234375,624.22998046875,624.3950805664062,31977,0.0,0.0,0.0
2026-04-13 12:05:00-04:00,624.405029296875,625.5,624.260009765625,624.85498046875,83594,0.0,0.0,0.0
2026-04-13 12:10:00-04:00,624.885009765625,625.1849975585938,624.8200073242188,625.0001220703125,22971,0.0,0.0,0.0
2026-04-13 12:15:00-04:00,625.030029296875,625.3400268554688,624.89501953125,625.2999877929688,42143,0.0,0.0,0.0
2026-04-13 12:20:00-04:00,625.3599853515625,625.9099731445312,625.3300170898438,625.7891235351562,72492,0.0,0.0,0.0
2026-04-13 12:25:00-04:00,625.7899780273438,626.5701293945312,625.7100219726562,626.3699951171875,59846,0.0,0.0,0.0
2026-04-13 12:30:00-04:00,626.3599853515625,626.9500122070312,626.1500244140625,626.3800048828125,56219,0.0,0.0,0.0
2026-04-13 12:35:00-04:00,626.375,627.25,626.3599853515625,626.52001953125,60211,0.0,0.0,0.0
2026-04-13 12:40:00-04:00,626.5050048828125,626.7999877929688,625.760009765625,626.5750122070312,70751,0.0,0.0,0.0
2026-04-13 12:45:00-04:00,626.5399780273438,627.260009765625,626.510009765625,626.989990234375,69152,0.0,0.0,0.0
2026-04-13 12:50:00-04:00,627.030029296875,627.72998046875,626.9500122070312,627.0651245117188,50718,0.0,0.0,0.0
2026-04-13 12:55:00-04:00,627.0401000976562,627.3099975585938,626.85498046875,627.22998046875,27562,0.0,0.0,0.0
2026-04-13 13:00:00-04:00,627.25,627.47998046875,627.1099853515625,627.4199829101562,29128,0.0,0.0,0.0
2026-04-13 13:05:00-04:00,627.3952026367188,627.4539794921875,627.0499877929688,627.219970703125,27197,0.0,0.0,0.0
2026-04-13 13:10:00-04:00,627.260009765625,627.2999877929688,627.1409912109375,627.27001953125,22729,0.0,0.0,0.0
2026-04-13 13:15:00-04:00,627.280029296875,627.719970703125,627.22998046875,627.4949951171875,63257,0.0,0.0,0.0
2026-04-13 13:20:00-04:00,627.469970703125,627.47998046875,627.22998046875,627.22998046875,48666,0.0,0.0,0.0
2026-04-13 13:25:00-04:00,627.2449951171875,627.4299926757812,627.22998046875,627.4099731445312,33882,0.0,0.0,0.0
2026-04-13 13:30:00-04:00,627.422607421875,627.6199951171875,627.2899780273438,627.2949829101562,119129,0.0,0.0,0.0
2026-04-13 13:35:00-04:00,627.2899780273438,627.3369140625,627.0599975585938,627.22998046875,24937,0.0,0.0,0.0
2026-04-13 13:40:00-04:00,627.219970703125,627.2899169921875,627.0800170898438,627.10498046875,24778,0.0,0.0,0.0
2026-04-13 13:45:00-04:00,627.1022338867188,627.1500244140625,626.9912109375,627.0399780273438,26430,0.0,0.0,0.0
2026-04-13 13:50:00-04:00,627.010009765625,627.1799926757812,626.85009765625,627.1599731445312,33288,0.0,0.0,0.0
2026-04-13 13:55:00-04:00,627.1199951171875,627.239990234375,627.0549926757812,627.114990234375,44997,0.0,0.0,0.0
2026-04-13 14:00:00-04:00,627.114990234375,627.5,627.114990234375,627.3400268554688,28195,0.0,0.0,0.0
2026-04-13 14:05:00-04:00,627.3499755859375,627.4627075195312,627.27001953125,627.4398803710938,32627,0.0,0.0,0.0
2026-04-13 14:10:00-04:00,627.4299926757812,627.5250244140625,627.4199829101562,627.4650268554688,25223,0.0,0.0,0.0
2026-04-13 14:15:00-04:00,627.469970703125,627.5399780273438,627.4100952148438,627.4100952148438,22795,0.0,0.0,0.0
2026-04-13 14:20:00-04:00,627.4249877929688,627.5399780273438,627.3099975585938,627.3200073242188,25302,0.0,0.0,0.0
2026-04-13 14:25:00-04:00,627.2899780273438,627.4000244140625,627.1699829101562,627.3099975585938,31276,0.0,0.0,0.0
2026-04-13 14:30:00-04:00,627.2899780273438,627.47998046875,627.2100219726562,627.4727172851562,54071,0.0,0.0,0.0
2026-04-13 14:35:00-04:00,627.4600219726562,627.5971069335938,627.39501953125,627.5473022460938,29373,0.0,0.0,0.0
2026-04-13 14:40:00-04:00,627.5499877929688,627.6998901367188,627.4600219726562,627.6799926757812,33756,0.0,0.0,0.0
2026-04-13 14:45:00-04:00,627.6701049804688,628.0679931640625,627.6701049804688,627.9899291992188,49208,0.0,0.0,0.0
2026-04-13 14:50:00-04:00,627.969970703125,628.25,627.9199829101562,628.2100219726562,47520,0.0,0.0,0.0
2026-04-13 14:55:00-04:00,628.2000122070312,628.3200073242188,628.130126953125,628.1599731445312,49629,0.0,0.0,0.0
2026-04-13 15:00:00-04:00,628.1799926757812,628.4099731445312,628.1400146484375,628.22998046875,29857,0.0,0.0,0.0
2026-04-13 15:05:00-04:00,628.2200927734375,628.239990234375,628.0,628.1400146484375,42014,0.0,0.0,0.0
2026-04-13 15:10:00-04:00,628.130126953125,628.1599731445312,627.9268798828125,628.0599975585938,42474,0.0,0.0,0.0
2026-04-13 15:15:00-04:00,628.0700073242188,628.3200073242188,628.02001953125,628.2949829101562,36838,0.0,0.0,0.0
2026-04-13 15:20:00-04:00,628.2949829101562,628.6099853515625,628.27001953125,628.5900268554688,47046,0.0,0.0,0.0
2026-04-13 15:25:00-04:00,628.5700073242188,628.6530151367188,628.5582275390625,628.6298828125,39943,0.0,0.0,0.0
2026-04-13 15:30:00-04:00,628.6199951171875,629.0499877929688,628.5,628.8900756835938,53824,0.0,0.0,0.0
2026-04-13 15:35:00-04:00,628.9000244140625,629.260009765625,628.780029296875,628.97998046875,72676,0.0,0.0,0.0
2026-04-13 15:40:00-04:00,628.9500122070312,629.0499877929688,628.760009765625,628.9600219726562,42789,0.0,0.0,0.0
2026-04-13 15:45:00-04:00,628.9600219726562,628.97998046875,628.6199951171875,628.8300170898438,65570,0.0,0.0,0.0
2026-04-13 15:50:00-04:00,628.8800048828125,630.5399780273438,628.8800048828125,630.3300170898438,157604,0.0,0.0,0.0
2026-04-13 15:55:00-04:00,630.3699951171875,630.9000244140625,630.3699951171875,630.6400146484375,179342,0.0,0.0,0.0
2026-04-14 09:30:00-04:00,632.2249755859375,633.02001953125,632.219970703125,632.9008178710938,736765,0.0,0.0,0.0
2026-04-14 09:35:00-04:00,632.864990234375,633.7100219726562,632.8200073242188,633.3599853515625,133253,0.0,0.0,0.0
2026-04-14 09:40:00-04:00,633.405029296875,634.2899780273438,633.3621826171875,634.1649780273438,95114,0.0,0.0,0.0
2026-04-14 09:45:00-04:00,634.1400146484375,634.1799926757812,633.780029296875,634.125,114686,0.0,0.0,0.0
2026-04-14 09:50:00-04:00,634.1400146484375,634.1799926757812,633.8350219726562,633.958984375,78045,0.0,0.0,0.0
2026-04-14 09:55:00-04:00,633.9400024414062,634.0800170898438,633.780029296875,633.8499755859375,58787,0.0,0.0,0.0
2026-04-14 10:00:00-04:00,633.830078125,634.1500244140625,633.830078125,633.9765014648438,46929,0.0,0.0,0.0
2026-04-14 10:05:00-04:00,633.989990234375,634.6799926757812,633.9600830078125,634.6799926757812,53081,0.0,0.0,0.0
2026-04-14 10:10:00-04:00,634.6699829101562,635.14990234375,634.469970703125,635.1300048828125,94238,0.0,0.0,0.0
2026-04-14 10:15:00-04:00,635.1500244140625,635.2689819335938,634.8800048828125,634.9395141601562,96034,0.0,0.0,0.0
2026-04-14 10:20:00-04:00,634.9600219726562,635.25,634.9199829101562,635.0499877929688,43930,0.0,0.0,0.0
2026-04-14 10:25:00-04:00,635.0599975585938,635.27001953125,634.9000244140625,635.25,72210,0.0,0.0,0.0
2026-04-14 10:30:00-04:00,635.25927734375,635.25927734375,635.0599975585938,635.1500244140625,56320,0.0,0.0,0.0
2026-04-14 10:35:00-04:00,635.114990234375,635.6099853515625,635.0599975585938,635.0897216796875,72917,0.0,0.0,0.0
2026-04-14 10:40:00-04:00,635.0800170898438,635.239990234375,634.9099731445312,635.125,47299,0.0,0.0,0.0
2026-04-14 10:45:00-04:00,635.1599731445312,635.6699829101562,635.1599731445312,635.549072265625,54446,0.0,0.0,0.0
2026-04-14 10:50:00-04:00,635.5499877929688,635.8699951171875,635.3200073242188,635.830078125,61218,0.0,0.0,0.0
2026-04-14 10:55:00-04:00,635.8699951171875,635.8699951171875,635.6801147460938,635.75,44105,0.0,0.0,0.0
2026-04-14 11:00:00-04:00,635.75,635.773193359375,635.5,635.5,53433,0.0,0.0,0.0
2026-04-14 11:05:00-04:00,635.47998046875,635.50927734375,635.1749877929688,635.2459716796875,46048,0.0,0.0,0.0
2026-04-14 11:10:00-04:00,635.260009765625,635.4000244140625,635.1699829101562,635.239990234375,44151,0.0,0.0,0.0
2026-04-14 11:15:00-04:00,635.25,635.9099731445312,635.22998046875,635.7999877929688,71287,0.0,0.0,0.0
2026-04-14 11:20:00-04:00,635.780029296875,636.219970703125,635.72998046875,636.1099853515625,79700,0.0,0.0,0.0
2026-04-14 11:25:00-04:00,636.1104125976562,636.5900268554688,636.1104125976562,636.3900146484375,43539,0.0,0.0,0.0
2026-04-14 11:30:00-04:00,636.4000244140625,636.7249755859375,636.3939819335938,636.594970703125,36727,0.0,0.0,0.0
2026-04-14 11:35:00-04:00,636.5999755859375,636.8599853515625,636.594970703125,636.8049926757812,48276,0.0,0.0,0.0
2026-04-14 11:40:00-04:00,636.8049926757812,637.1799926757812,636.6300048828125,636.9199829101562,67943,0.0,0.0,0.0
2026-04-14 11:45:00-04:00,636.9299926757812,637.1500244140625,636.9249877929688,637.0399780273438,47612,0.0,0.0,0.0
2026-04-14 11:50:00-04:00,637.030029296875,637.3499755859375,637.010009765625,637.3150024414062,44267,0.0,0.0,0.0
2026-04-14 11:55:00-04:00,637.2999877929688,637.3082885742188,636.9099731445312,636.969970703125,52004,0.0,0.0,0.0
2026-04-14 12:00:00-04:00,636.9099731445312,637.2352294921875,636.8900756835938,637.1599731445312,42459,0.0,0.0,0.0
2026-04-14 12:05:00-04:00,637.1900024414062,637.219970703125,637.010009765625,637.135009765625,40693,0.0,0.0,0.0
2026-04-14 12:10:00-04:00,637.1199951171875,637.239990234375,636.989990234375,637.0809936523438,34406,0.0,0.0,0.0
2026-04-14 12:15:00-04:00,637.094970703125,637.3300170898438,637.0499877929688,637.3300170898438,37608,0.0,0.0,0.0
2026-04-14 12:20:00-04:00,637.3400268554688,637.530029296875,637.25,637.5299072265625,44473,0.0,0.0,0.0
2026-04-14 12:25:00-04:00,637.530029296875,637.75,637.5,637.64501953125,49566,0.0,0.0,0.0
2026-04-14 12:30:00-04:00,637.635009765625,637.75,637.3499755859375,637.3732299804688,39566,0.0,0.0,0.0
2026-04-14 12:35:00-04:00,637.3800048828125,637.5,637.27001953125,637.4400024414062,52040,0.0,0.0,0.0
2026-04-14 12:40:00-04:00,637.4650268554688,637.5800170898438,637.3499755859375,637.510009765625,27433,0.0,0.0,0.0
2026-04-14 12:45:00-04:00,637.5399780273438,637.6669921875,637.4600830078125,637.6489868164062,62002,0.0,0.0,0.0
2026-04-14 12:50:00-04:00,637.6599731445312,637.6799926757812,637.2000122070312,637.2100219726562,42790,0.0,0.0,0.0
2026-04-14 12:55:00-04:00,637.1939086914062,637.22998046875,636.9099731445312,637.030029296875,43490,0.0,0.0,0.0
2026-04-14 13:00:00-04:00,637.0499877929688,637.3499755859375,637.0499877929688,637.269775390625,35026,0.0,0.0,0.0
2026-04-14 13:05:00-04:00,637.2100219726562,637.4199829101562,637.1502075195312,637.2128295898438,47830,0.0,0.0,0.0
2026-04-14 13:10:00-04:00,637.22998046875,637.3610229492188,637.2100219726562,637.3099975585938,36505,0.0,0.0,0.0
2026-04-14 13:15:00-04:00,637.3049926757812,637.75,637.280029296875,637.7100219726562,52314,0.0,0.0,0.0
2026-04-14 13:20:00-04:00,637.7100219726562,638.02001953125,637.7000122070312,637.9149780273438,48802,0.0,0.0,0.0
2026-04-14 13:25:00-04:00,637.9400024414062,637.9400024414062,637.6849975585938,637.7449951171875,33874,0.0,0.0,0.0
2026-04-14 13:30:00-04:00,637.7449951171875,638.0499877929688,637.7449951171875,638.010009765625,32173,0.0,0.0,0.0
2026-04-14 13:35:00-04:00,638.0,638.0499877929688,637.8599853515625,637.9299926757812,73401,0.0,0.0,0.0
2026-04-14 13:40:00-04:00,637.9600219726562,638.0599975585938,637.8599853515625,638.030029296875,26301,0.0,0.0,0.0
2026-04-14 13:45:00-04:00,638.02001953125,638.0499877929688,637.9249877929688,637.9600219726562,22266,0.0,0.0,0.0
2026-04-14 13:50:00-04:00,637.9749755859375,638.0399780273438,637.6400146484375,637.7100219726562,42264,0.0,0.0,0.0
2026-04-14 13:55:00-04:00,637.7150268554688,637.7899780273438,637.6099853515625,637.7645263671875,30513,0.0,0.0,0.0
2026-04-14 14:00:00-04:00,637.739990234375,637.9298095703125,637.72998046875,637.7999877929688,17415,0.0,0.0,0.0
2026-04-14 14:05:00-04:00,637.844970703125,637.8699951171875,637.7100219726562,637.8599853515625,41643,0.0,0.0,0.0
2026-04-14 14:10:00-04:00,637.8499755859375,637.8499755859375,637.5579833984375,637.5999145507812,31078,0.0,0.0,0.0
2026-04-14 14:15:00-04:00,637.5900268554688,637.6099853515625,636.8300170898438,637.0399780273438,36220,0.0,0.0,0.0
2026-04-14 14:20:00-04:00,637.0800170898438,637.1950073242188,636.3599853515625,636.3800048828125,55531,0.0,0.0,0.0
2026-04-14 14:25:00-04:00,636.4500122070312,636.9099731445312,636.3099975585938,636.7050170898438,27298,0.0,0.0,0.0
2026-04-14 14:30:00-04:00,636.7180786132812,636.9199829101562,636.6801147460938,636.760009765625,25008,0.0,0.0,0.0
2026-04-14 14:35:00-04:00,636.7999877929688,637.0999755859375,636.7999877929688,637.0761108398438,40485,0.0,0.0,0.0
2026-04-14 14:40:00-04:00,637.0798950195312,637.2440185546875,636.6400146484375,636.6900024414062,29867,0.0,0.0,0.0
2026-04-14 14:45:00-04:00,636.6900024414062,636.8599853515625,636.4500122070312,636.5499877929688,29618,0.0,0.0,0.0
2026-04-14 14:50:00-04:00,636.530029296875,636.8400268554688,636.4700927734375,636.7188720703125,26950,0.0,0.0,0.0
2026-04-14 14:55:00-04:00,636.739990234375,636.8599853515625,636.6699829101562,636.8599853515625,33635,0.0,0.0,0.0
2026-04-14 15:00:00-04:00,636.8400268554688,637.2899780273438,636.7999877929688,637.25,45082,0.0,0.0,0.0
2026-04-14 15:05:00-04:00,637.2899780273438,637.47998046875,637.280029296875,637.4298706054688,59872,0.0,0.0,0.0
2026-04-14 15:10:00-04:00,637.4299926757812,637.780029296875,637.3499755859375,637.540771484375,140123,0.0,0.0,0.0
2026-04-14 15:15:00-04:00,637.5499877929688,637.8399047851562,637.5349731445312,637.6990966796875,33530,0.0,0.0,0.0
2026-04-14 15:20:00-04:00,637.6900024414062,638.094970703125,637.6799926757812,638.064208984375,39167,0.0,0.0,0.0
2026-04-14 15:25:00-04:00,638.0750122070312,638.260009765625,638.0599975585938,638.219970703125,39862,0.0,0.0,0.0
2026-04-14 15:30:00-04:00,638.2000122070312,638.52001953125,637.9749755859375,637.9893798828125,52100,0.0,0.0,0.0
2026-04-14 15:35:00-04:00,637.9299926757812,638.3499755859375,637.77001953125,638.2999877929688,40655,0.0,0.0,0.0
2026-04-14 15:40:00-04:00,638.2849731445312,638.3300170898438,637.8499755859375,638.0700073242188,59338,0.0,0.0,0.0
2026-04-14 15:45:00-04:00,638.0399780273438,638.1599731445312,637.8499755859375,638.0399780273438,72215,0.0,0.0,0.0
2026-04-14 15:50:00-04:00,638.0499877929688,638.369384765625,637.5,637.5850219726562,124555,0.0,0.0,0.0
2026-04-14 15:55:00-04:00,637.5800170898438,638.3699951171875,637.5800170898438,638.3499755859375,152729,0.0,0.0,0.0
2026-04-15 09:30:00-04:00,639.1900024414062,639.6500244140625,638.989990234375,639.5900268554688,441587,0.0,0.0,0.0
2026-04-15 09:35:00-04:00,639.60009765625,640.1085815429688,639.3900146484375,640.02001953125,120943,0.0,0.0,0.0
2026-04-15 09:40:00-04:00,640.0999755859375,640.1599731445312,638.22998046875,638.3699951171875,169558,0.0,0.0,0.0
2026-04-15 09:45:00-04:00,638.4400024414062,639.1881103515625,638.3900146484375,638.9329833984375,81382,0.0,0.0,0.0
2026-04-15 09:50:00-04:00,638.969970703125,639.0800170898438,638.489990234375,638.9349975585938,52829,0.0,0.0,0.0
2026-04-15 09:55:00-04:00,638.9650268554688,639.5399780273438,638.9500122070312,639.530029296875,60485,0.0,0.0,0.0
2026-04-15 10:00:00-04:00,639.489990234375,639.6099853515625,639.0999755859375,639.1900024414062,41198,0.0,0.0,0.0
2026-04-15 10:05:00-04:00,639.0999755859375,639.4199829101562,638.9299926757812,639.3400268554688,65945,0.0,0.0,0.0
2026-04-15 10:10:00-04:00,639.3699951171875,639.7999877929688,639.260009765625,639.7750244140625,53015,0.0,0.0,0.0
2026-04-15 10:15:00-04:00,639.7999267578125,640.1798706054688,639.6900024414062,639.72998046875,61524,0.0,0.0,0.0
2026-04-15 10:20:00-04:00,639.780029296875,640.6699829101562,639.75,640.4500122070312,61698,0.0,0.0,0.0
2026-04-15 10:25:00-04:00,640.4000244140625,640.7000122070312,640.4000244140625,640.6849975585938,57329,0.0,0.0,0.0
2026-04-15 10:30:00-04:00,640.7000122070312,640.8099975585938,640.260009765625,640.2899780273438,74174,0.0,0.0,0.0
2026-04-15 10:35:00-04:00,640.260009765625,640.530029296875,639.7899780273438,639.864990234375,56239,0.0,0.0,0.0
2026-04-15 10:40:00-04:00,639.9000244140625,640.5900268554688,639.9000244140625,640.5194091796875,47876,0.0,0.0,0.0
2026-04-15 10:45:00-04:00,640.5449829101562,640.7744140625,640.4099731445312,640.77001953125,57843,0.0,0.0,0.0
2026-04-15 10:50:00-04:00,640.760009765625,640.8599853515625,640.4500732421875,640.4998779296875,46953,0.0,0.0,0.0
2026-04-15 10:55:00-04:00,640.4749755859375,640.7449951171875,640.4500122070312,640.5501098632812,35062,0.0,0.0,0.0
2026-04-15 11:00:00-04:00,640.5349731445312,640.7156982421875,640.3499755859375,640.6799926757812,44259,0.0,0.0,0.0
2026-04-15 11:05:00-04:00,640.7098999023438,640.77001953125,640.2449951171875,640.4600219726562,36773,0.0,0.0,0.0
2026-04-15 11:10:00-04:00,640.489990234375,641.0399780273438,640.489990234375,641.028076171875,80197,0.0,0.0,0.0
2026-04-15 11:15:00-04:00,641.0349731445312,641.1699829101562,640.9099731445312,641.0999755859375,67845,0.0,0.0,0.0
2026-04-15 11:20:00-04:00,641.1099853515625,641.22998046875,640.989990234375,641.0700073242188,77526,0.0,0.0,0.0
2026-04-15 11:25:00-04:00,641.0900268554688,641.2899780273438,641.0346069335938,641.1112060546875,64030,0.0,0.0,0.0
2026-04-15 11:30:00-04:00,641.1300048828125,641.135009765625,640.6500244140625,640.6799926757812,76659,0.0,0.0,0.0
2026-04-15 11:35:00-04:00,640.6799926757812,640.9400024414062,640.6599731445312,640.864990234375,68341,0.0,0.0,0.0
2026-04-15 11:40:00-04:00,640.8800048828125,641.2899780273438,640.8800048828125,641.1599731445312,29421,0.0,0.0,0.0
2026-04-15 11:45:00-04:00,641.1799926757812,641.2899780273438,641.0700073242188,641.1950073242188,32202,0.0,0.0,0.0
2026-04-15 11:50:00-04:00,641.1699829101562,641.25,640.9500122070312,640.9799194335938,27786,0.0,0.0,0.0
2026-04-15 11:55:00-04:00,640.989990234375,641.0,640.6799926757812,640.760009765625,40464,0.0,0.0,0.0
2026-04-15 12:00:00-04:00,640.75,640.9000244140625,640.5999755859375,640.85009765625,29318,0.0,0.0,0.0
2026-04-15 12:05:00-04:00,640.8400268554688,641.2000122070312,640.719970703125,641.1699829101562,32121,0.0,0.0,0.0
2026-04-15 12:10:00-04:00,641.13330078125,641.1699829101562,640.9749755859375,641.1099853515625,31351,0.0,0.0,0.0
2026-04-15 12:15:00-04:00,641.1300048828125,641.3200073242188,640.9949951171875,641.3049926757812,25735,0.0,0.0,0.0
2026-04-15 12:20:00-04:00,641.3200073242188,641.5,641.3200073242188,641.4600219726562,30695,0.0,0.0,0.0
2026-04-15 12:25:00-04:00,641.4400024414062,641.4400024414062,641.0830078125,641.0830078125,20418,0.0,0.0,0.0
2026-04-15 12:30:00-04:00,641.1099853515625,641.1688842773438,640.8900146484375,641.010009765625,30336,0.0,0.0,0.0
2026-04-15 12:35:00-04:00,641.0399780273438,641.22998046875,640.9199829101562,640.9199829101562,28996,0.0,0.0,0.0
2026-04-15 12:40:00-04:00,640.9000244140625,640.9000244140625,640.1799926757812,640.1799926757812,63585,0.0,0.0,0.0
2026-04-15 12:45:00-04:00,640.2150268554688,640.469970703125,639.8599853515625,640.4500732421875,38207,0.0,0.0,0.0
2026-04-15 12:50:00-04:00,640.5,640.5800170898438,639.8599853515625,640.030029296875,61989,0.0,0.0,0.0
2026-04-15 12:55:00-04:00,640.0150146484375,640.4000244140625,639.5999755859375,640.3499755859375,55612,0.0,0.0,0.0
2026-04-15 13:00:00-04:00,640.3699951171875,640.8200073242188,640.25,640.7807006835938,26534,0.0,0.0,0.0
2026-04-15 13:05:00-04:00,640.7999877929688,641.125,640.760009765625,640.9149780273438,50713,0.0,0.0,0.0
2026-04-15 13:10:00-04:00,640.969970703125,641.0494995117188,640.7999877929688,640.9149780273438,44770,0.0,0.0,0.0
2026-04-15 13:15:00-04:00,640.9299926757812,641.1799926757812,640.9100952148438,641.030029296875,33946,0.0,0.0,0.0
2026-04-15 13:20:00-04:00,641.02001953125,641.088623046875,640.8400268554688,641.02001953125,25493,0.0,0.0,0.0
2026-04-15 13:25:00-04:00,641.0582885742188,641.2949829101562,640.989990234375,641.1500244140625,26997,0.0,0.0,0.0
2026-04-15 13:30:00-04:00,641.1599731445312,641.52001953125,641.1199951171875,641.47998046875,28064,0.0,0.0,0.0
2026-04-15 13:35:00-04:00,641.4600219726562,641.6799926757812,641.3499755859375,641.3798828125,43622,0.0,0.0,0.0
2026-04-15 13:40:00-04:00,641.3800048828125,641.3800048828125,641.0499877929688,641.1890869140625,51746,0.0,0.0,0.0
2026-04-15 13:45:00-04:00,641.25,641.4099731445312,641.2349853515625,641.2899780273438,34366,0.0,0.0,0.0
2026-04-15 13:50:00-04:00,641.2999877929688,641.5549926757812,641.2999877929688,641.4550170898438,54612,0.0,0.0,0.0
2026-04-15 13:55:00-04:00,641.4500122070312,641.5499877929688,641.1699829101562,641.219970703125,52104,0.0,0.0,0.0
2026-04-15 14:00:00-04:00,641.2100219726562,642.2550048828125,640.9500122070312,641.719970703125,123787,0.0,0.0,0.0
2026-04-15 14:05:00-04:00,641.6950073242188,641.885009765625,641.6500244140625,641.780029296875,30704,0.0,0.0,0.0
2026-04-15 14:10:00-04:00,641.7750244140625,642.1099853515625,641.5800170898438,641.97998046875,44417,0.0,0.0,0.0
2026-04-15 14:15:00-04:00,641.9849853515625,642.280029296875,641.9600830078125,642.02001953125,31737,0.0,0.0,0.0
2026-04-15 14:20:00-04:00,642.0100708007812,642.1699829101562,641.8699951171875,642.1400146484375,27333,0.0,0.0,0.0
2026-04-15 14:25:00-04:00,642.1300048828125,642.2000122070312,641.9500122070312,642.1500244140625,41258,0.0,0.0,0.0
2026-04-15 14:30:00-04:00,642.14501953125,642.64990234375,642.14501953125,642.64990234375,68333,0.0,0.0,0.0
2026-04-15 14:35:00-04:00,642.6500244140625,642.7698974609375,642.4199829101562,642.6099853515625,35954,0.0,0.0,0.0
2026-04-15 14:40:00-04:00,642.60498046875,642.6199951171875,642.25,642.5,37351,0.0,0.0,0.0
2026-04-15 14:45:00-04:00,642.5,642.8300170898438,642.5,642.8300170898438,42276,0.0,0.0,0.0
2026-04-15 14:50:00-04:00,642.8599853515625,643.1099853515625,642.8599853515625,643.0750122070312,55276,0.0,0.0,0.0
2026-04-15 14:55:00-04:00,643.0599975585938,643.3599853515625,642.989990234375,643.2100219726562,76000,0.0,0.0,0.0
2026-04-15 15:00:00-04:00,643.2000122070312,643.280029296875,642.9600830078125,643.2600708007812,34727,0.0,0.0,0.0
2026-04-15 15:05:00-04:00,643.27001953125,643.4320068359375,643.27001953125,643.385009765625,74295,0.0,0.0,0.0
2026-04-15 15:10:00-04:00,643.3900146484375,643.47998046875,642.989990234375,643.0399780273438,63993,0.0,0.0,0.0
2026-04-15 15:15:00-04:00,643.0399780273438,643.1799926757812,642.9500122070312,643.1799926757812,57462,0.0,0.0,0.0
2026-04-15 15:20:00-04:00,643.1701049804688,643.4099731445312,643.0999755859375,643.3350219726562,61611,0.0,0.0,0.0
2026-04-15 15:25:00-04:00,643.3499755859375,643.5599975585938,643.260009765625,643.52001953125,56404,0.0,0.0,0.0
2026-04-15 15:30:00-04:00,643.510009765625,643.530029296875,643.3099975585938,643.510009765625,68426,0.0,0.0,0.0
2026-04-15 15:35:00-04:00,643.5150146484375,643.6300048828125,643.0900268554688,643.1099853515625,63525,0.0,0.0,0.0
2026-04-15 15:40:00-04:00,643.0800170898438,643.239990234375,642.844970703125,643.0800170898438,67899,0.0,0.0,0.0
2026-04-15 15:45:00-04:00,643.0800170898438,643.3679809570312,642.9199829101562,643.0700073242188,79603,0.0,0.0,0.0
2026-04-15 15:50:00-04:00,643.0999755859375,643.5999755859375,643.0499877929688,643.4000244140625,75191,0.0,0.0,0.0
2026-04-15 15:55:00-04:00,643.3900146484375,643.7899780273438,643.280029296875,643.3800048828125,225603,0.0,0.0,0.0
2026-04-16 09:30:00-04:00,644.510009765625,644.739990234375,644.0399780273438,644.50927734375,449852,0.0,0.0,0.0
2026-04-16 09:35:00-04:00,644.5,644.5399780273438,644.02001953125,644.1099243164062,177464,0.0,0.0,0.0
2026-04-16 09:40:00-04:00,644.1400146484375,644.4199829101562,643.6099853515625,644.280029296875,112700,0.0,0.0,0.0
2026-04-16 09:45:00-04:00,644.260009765625,644.3300170898438,643.8800048828125,644.114990234375,54671,0.0,0.0,0.0
2026-04-16 09:50:00-04:00,644.10498046875,644.10498046875,642.3499755859375,642.3499755859375,102260,0.0,0.0,0.0
2026-04-16 09:55:00-04:00,642.3699951171875,643.1300048828125,642.1500244140625,643.030029296875,78819,0.0,0.0,0.0
2026-04-16 10:00:00-04:00,643.030029296875,643.0750122070312,642.3499755859375,642.8900756835938,54223,0.0,0.0,0.0
2026-04-16 10:05:00-04:00,642.9686279296875,643.4249877929688,642.760009765625,643.1950073242188,52868,0.0,0.0,0.0
2026-04-16 10:10:00-04:00,643.219970703125,643.6599731445312,643.1500854492188,643.2000122070312,49123,0.0,0.0,0.0
2026-04-16 10:15:00-04:00,643.2150268554688,643.3731079101562,642.5,642.530029296875,76967,0.0,0.0,0.0
2026-04-16 10:20:00-04:00,642.6099853515625,642.7349853515625,642.2999877929688,642.6699829101562,56547,0.0,0.0,0.0
2026-04-16 10:25:00-04:00,642.5700073242188,642.9299926757812,642.4400024414062,642.75,463961,0.0,0.0,0.0
2026-04-16 10:30:00-04:00,642.760009765625,643.0,642.5300903320312,642.8599853515625,38752,0.0,0.0,0.0
2026-04-16 10:35:00-04:00,642.8900146484375,643.0,642.6099853515625,642.64501953125,31818,0.0,0.0,0.0
2026-04-16 10:40:00-04:00,642.6500244140625,643.0700073242188,642.489990234375,643.0700073242188,56419,0.0,0.0,0.0
2026-04-16 10:45:00-04:00,643.0499877929688,643.47998046875,642.9550170898438,643.47998046875,45741,0.0,0.0,0.0
2026-04-16 10:50:00-04:00,643.4299926757812,643.6699829101562,643.3300170898438,643.5800170898438,55963,0.0,0.0,0.0
2026-04-16 10:55:00-04:00,643.5800170898438,643.5800170898438,643.1300048828125,643.489990234375,67636,0.0,0.0,0.0
2026-04-16 11:00:00-04:00,643.4600219726562,644.0900268554688,643.4600219726562,644.0349731445312,91650,0.0,0.0,0.0
2026-04-16 11:05:00-04:00,643.97998046875,644.5819702148438,643.8099975585938,644.4404907226562,101831,0.0,0.0,0.0
2026-04-16 11:10:00-04:00,644.4949951171875,644.8599853515625,644.4949951171875,644.8300170898438,43045,0.0,0.0,0.0
2026-04-16 11:15:00-04:00,644.8499755859375,645.35498046875,644.739990234375,644.77001953125,66419,0.0,0.0,0.0
2026-04-16 11:20:00-04:00,644.7899780273438,645.1815185546875,644.7899780273438,645.0098876953125,52908,0.0,0.0,0.0
2026-04-16 11:25:00-04:00,645.0449829101562,645.1500244140625,644.25,644.25,97561,0.0,0.0,0.0
2026-04-16 11:30:00-04:00,644.1599731445312,644.5814208984375,644.1300048828125,644.5449829101562,50861,0.0,0.0,0.0
2026-04-16 11:35:00-04:00,644.5501098632812,645.6799926757812,644.530029296875,645.0599975585938,79645,0.0,0.0,0.0
2026-04-16 11:40:00-04:00,645.0599975585938,645.0700073242188,644.4500122070312,644.7899780273438,56416,0.0,0.0,0.0
2026-04-16 11:45:00-04:00,644.8200073242188,644.989990234375,644.4400024414062,644.6500244140625,48587,0.0,0.0,0.0
2026-04-16 11:50:00-04:00,644.6649780273438,645.1699829101562,644.630126953125,645.088623046875,147368,0.0,0.0,0.0
2026-04-16 11:55:00-04:00,645.0986938476562,645.6400146484375,645.0805053710938,645.5800170898438,407441,0.0,0.0,0.0
2026-04-16 12:00:00-04:00,645.60498046875,645.8200073242188,645.5800170898438,645.7449951171875,34263,0.0,0.0,0.0
2026-04-16 12:05:00-04:00,645.7598266601562,645.8200073242188,645.4500122070312,645.676025390625,41720,0.0,0.0,0.0
2026-04-16 12:10:00-04:00,645.6599731445312,645.8399047851562,645.625,645.7949829101562,24533,0.0,0.0,0.0
2026-04-16 12:15:00-04:00,645.7899780273438,646.0700073242188,645.7899780273438,646.0050048828125,66525,0.0,0.0,0.0
2026-04-16 12:20:00-04:00,646.02001953125,646.0479125976562,645.2999877929688,645.5399780273438,47012,0.0,0.0,0.0
2026-04-16 12:25:00-04:00,645.5250244140625,645.6500244140625,645.3200073242188,645.3800048828125,55897,0.0,0.0,0.0
2026-04-16 12:30:00-04:00,645.3900146484375,645.4368896484375,643.719970703125,644.4749755859375,63219,0.0,0.0,0.0
2026-04-16 12:35:00-04:00,644.5098876953125,645.0399780273438,644.3400268554688,645.0399780273438,51399,0.0,0.0,0.0
2026-04-16 12:40:00-04:00,644.9749755859375,645.219970703125,644.5549926757812,644.8099975585938,33670,0.0,0.0,0.0
2026-04-16 12:45:00-04:00,644.7899780273438,645.0349731445312,644.7349853515625,644.8015747070312,29387,0.0,0.0,0.0
2026-04-16 12:50:00-04:00,644.7999877929688,645.0,644.2899780273438,644.364990234375,33574,0.0,0.0,0.0
2026-04-16 12:55:00-04:00,644.4199829101562,644.5999755859375,644.2100219726562,644.25,36486,0.0,0.0,0.0
2026-04-16 13:00:00-04:00,644.2750244140625,644.3099975585938,643.9600219726562,644.0499877929688,30956,0.0,0.0,0.0
2026-04-16 13:05:00-04:00,644.0750122070312,644.1400146484375,643.6300048828125,644.1099853515625,48823,0.0,0.0,0.0
2026-04-16 13:10:00-04:00,644.1400146484375,644.219970703125,643.5599975585938,643.594970703125,25487,0.0,0.0,0.0
2026-04-16 13:15:00-04:00,643.5599975585938,643.7399291992188,643.3800048828125,643.6199951171875,25032,0.0,0.0,0.0
2026-04-16 13:20:00-04:00,643.7100830078125,644.2100219726562,643.530029296875,644.2100219726562,36152,0.0,0.0,0.0
2026-04-16 13:25:00-04:00,644.22998046875,644.3699951171875,644.0599975585938,644.1599731445312,18752,0.0,0.0,0.0
2026-04-16 13:30:00-04:00,644.1400146484375,644.5700073242188,644.1400146484375,644.2999877929688,27742,0.0,0.0,0.0
2026-04-16 13:35:00-04:00,644.219970703125,644.4299926757812,644.0700073242188,644.4298706054688,26385,0.0,0.0,0.0
2026-04-16 13:40:00-04:00,644.385009765625,644.8300170898438,644.385009765625,644.7899169921875,17097,0.0,0.0,0.0
2026-04-16 13:45:00-04:00,644.780029296875,644.9199829101562,644.5999755859375,644.8838500976562,21846,0.0,0.0,0.0
2026-04-16 13:50:00-04:00,644.8699951171875,644.8699951171875,644.52001953125,644.5750122070312,23546,0.0,0.0,0.0
2026-04-16 13:55:00-04:00,644.5599975585938,644.5599975585938,643.6799926757812,644.077392578125,48559,0.0,0.0,0.0
2026-04-16 14:00:00-04:00,644.2100219726562,644.6199951171875,643.9550170898438,644.0999755859375,30476,0.0,0.0,0.0
2026-04-16 14:05:00-04:00,644.1500244140625,644.3098754882812,643.489990234375,643.719970703125,28282,0.0,0.0,0.0
2026-04-16 14:10:00-04:00,643.7150268554688,644.0971069335938,643.469970703125,643.989990234375,21213,0.0,0.0,0.0
2026-04-16 14:15:00-04:00,644.0050048828125,644.1483154296875,643.8350219726562,643.9000244140625,28443,0.0,0.0,0.0
2026-04-16 14:20:00-04:00,643.8499145507812,644.094970703125,643.3499755859375,643.4299926757812,18167,0.0,0.0,0.0
2026-04-16 14:25:00-04:00,643.489990234375,643.5399780273438,643.0501098632812,643.3250122070312,64715,0.0,0.0,0.0
2026-04-16 14:30:00-04:00,643.3300170898438,644.0399780273438,643.3300170898438,643.95068359375,45501,0.0,0.0,0.0
2026-04-16 14:35:00-04:00,643.9299926757812,644.280029296875,643.8552856445312,644.0599975585938,32195,0.0,0.0,0.0
2026-04-16 14:40:00-04:00,644.1431274414062,644.3699951171875,644.0900268554688,644.25,27254,0.0,0.0,0.0
2026-04-16 14:45:00-04:00,644.239990234375,644.4500122070312,644.1799926757812,644.2100219726562,18679,0.0,0.0,0.0
2026-04-16 14:50:00-04:00,644.1500244140625,644.2449951171875,644.0,644.0900268554688,17017,0.0,0.0,0.0
2026-04-16 14:55:00-04:00,644.0800170898438,644.1699829101562,643.8699951171875,644.1591796875,71483,0.0,0.0,0.0
2026-04-16 15:00:00-04:00,644.2000122070312,644.5800170898438,644.1950073242188,644.4849853515625,31149,0.0,0.0,0.0
2026-04-16 15:05:00-04:00,644.4099731445312,644.47998046875,644.2000122070312,644.3049926757812,44836,0.0,0.0,0.0
2026-04-16 15:10:00-04:00,644.2650146484375,644.4199829101562,644.0999755859375,644.2550048828125,24110,0.0,0.0,0.0
2026-04-16 15:15:00-04:00,644.3699951171875,644.6199951171875,644.3300170898438,644.5198974609375,27592,0.0,0.0,0.0
2026-04-16 15:20:00-04:00,644.5300903320312,644.5599975585938,644.3499755859375,644.4749755859375,37189,0.0,0.0,0.0
2026-04-16 15:25:00-04:00,644.5349731445312,644.5650024414062,644.3499755859375,644.35498046875,30844,0.0,0.0,0.0
2026-04-16 15:30:00-04:00,644.3699951171875,644.655029296875,644.280029296875,644.5700073242188,65493,0.0,0.0,0.0
2026-04-16 15:35:00-04:00,644.5349731445312,644.7899780273438,644.5,644.77001953125,43078,0.0,0.0,0.0
2026-04-16 15:40:00-04:00,644.7999877929688,644.97998046875,644.7100219726562,644.7100219726562,63729,0.0,0.0,0.0
2026-04-16 15:45:00-04:00,644.7150268554688,645.030029296875,644.5599975585938,645.0186157226562,67950,0.0,0.0,0.0
2026-04-16 15:50:00-04:00,644.97998046875,645.280029296875,644.75,645.030029296875,64913,0.0,0.0,0.0
2026-04-16 15:55:00-04:00,645.030029296875,645.280029296875,644.8400268554688,644.9500122070312,120572,0.0,0.0,0.0
2026-04-17 09:30:00-04:00,649.1799926757812,650.0665283203125,649.0599975585938,649.9199829101562,880690,0.0,0.0,0.0
2026-04-17 09:35:00-04:00,649.9099731445312,650.5150146484375,649.8699951171875,650.0449829101562,113275,0.0,0.0,0.0
2026-04-17 09:40:00-04:00,650.010009765625,650.260009765625,649.530029296875,650.1099853515625,94376,0.0,0.0,0.0
2026-04-17 09:45:00-04:00,650.1400146484375,650.4000244140625,648.8599853515625,650.030029296875,116708,0.0,0.0,0.0
2026-04-17 09:50:00-04:00,650.0850219726562,650.75,649.9500122070312,650.6699829101562,79680,0.0,0.0,0.0
2026-04-17 09:55:00-04:00,650.6046142578125,651.239990234375,650.489990234375,651.1699829101562,82337,0.0,0.0,0.0
2026-04-17 10:00:00-04:00,651.25,651.7498779296875,651.030029296875,651.7000122070312,103230,0.0,0.0,0.0
2026-04-17 10:05:00-04:00,651.7100219726562,651.969970703125,651.6199951171875,651.9400024414062,83987,0.0,0.0,0.0
2026-04-17 10:10:00-04:00,651.9600219726562,652.1649780273438,651.5599975585938,651.9400024414062,727134,0.0,0.0,0.0
2026-04-17 10:15:00-04:00,651.9600219726562,652.1199951171875,651.6900024414062,651.7999877929688,60868,0.0,0.0,0.0
2026-04-17 10:20:00-04:00,651.77001953125,652.1400146484375,651.3400268554688,652.0750122070312,95814,0.0,0.0,0.0
2026-04-17 10:25:00-04:00,652.0499877929688,652.22998046875,651.77001953125,652.02001953125,47700,0.0,0.0,0.0
2026-04-17 10:30:00-04:00,652.0650024414062,652.969970703125,652.0599975585938,652.8499755859375,67909,0.0,0.0,0.0
2026-04-17 10:35:00-04:00,652.8499755859375,653.0499877929688,652.4400024414062,653.030029296875,98056,0.0,0.0,0.0
2026-04-17 10:40:00-04:00,653.010009765625,653.6699829101562,653.0,653.5349731445312,73363,0.0,0.0,0.0
2026-04-17 10:45:00-04:00,653.5800170898438,653.939697265625,653.4400024414062,653.8699951171875,76634,0.0,0.0,0.0
2026-04-17 10:50:00-04:00,653.8499755859375,653.9699096679688,653.489990234375,653.5449829101562,59310,0.0,0.0,0.0
2026-04-17 10:55:00-04:00,653.5,653.5250244140625,652.9299926757812,653.1600952148438,77796,0.0,0.0,0.0
2026-04-17 11:00:00-04:00,653.1900024414062,653.7899780273438,652.9500122070312,653.3950805664062,144114,0.0,0.0,0.0
2026-04-17 11:05:00-04:00,653.39501953125,653.7750854492188,653.340087890625,653.5900268554688,84576,0.0,0.0,0.0
2026-04-17 11:10:00-04:00,653.52001953125,653.7000122070312,652.8599853515625,652.9500122070312,61411,0.0,0.0,0.0
2026-04-17 11:15:00-04:00,652.9650268554688,653.4083251953125,652.6199951171875,652.8800048828125,60533,0.0,0.0,0.0
2026-04-17 11:20:00-04:00,652.8699951171875,653.2498779296875,652.6649780273438,653.1500244140625,61182,0.0,0.0,0.0
2026-04-17 11:25:00-04:00,653.1649780273438,653.3895874023438,653.0050048828125,653.2899169921875,85371,0.0,0.0,0.0
2026-04-17 11:30:00-04:00,653.3300170898438,653.8900146484375,653.2999877929688,653.875,76756,0.0,0.0,0.0
2026-04-17 11:35:00-04:00,653.8300170898438,653.9473266601562,653.510009765625,653.8699951171875,61563,0.0,0.0,0.0
2026-04-17 11:40:00-04:00,653.8800048828125,653.9000244140625,653.0999755859375,653.1199951171875,57903,0.0,0.0,0.0
2026-04-17 11:45:00-04:00,653.1500244140625,653.8200073242188,653.1199951171875,653.469970703125,81741,0.0,0.0,0.0
2026-04-17 11:50:00-04:00,653.47998046875,653.9500122070312,653.4500122070312,653.7000122070312,45774,0.0,0.0,0.0
2026-04-17 11:55:00-04:00,653.7000122070312,653.8699951171875,653.3200073242188,653.3800048828125,71499,0.0,0.0,0.0
2026-04-17 12:00:00-04:00,653.4194946289062,654.0499877929688,653.260009765625,653.885009765625,62949,0.0,0.0,0.0
2026-04-17 12:05:00-04:00,653.8300170898438,654.219970703125,653.77001953125,653.8049926757812,38382,0.0,0.0,0.0
2026-04-17 12:10:00-04:00,653.760009765625,654.1900024414062,653.6900024414062,653.969970703125,32855,0.0,0.0,0.0
2026-04-17 12:15:00-04:00,653.9650268554688,654.1099853515625,653.5700073242188,653.8900146484375,62622,0.0,0.0,0.0
2026-04-17 12:20:00-04:00,653.8699951171875,654.119873046875,653.7999877929688,654.0900268554688,48514,0.0,0.0,0.0
2026-04-17 12:25:00-04:00,654.0750122070312,654.1500244140625,654.0,654.125,31771,0.0,0.0,0.0
2026-04-17 12:30:00-04:00,654.1300048828125,654.538330078125,654.1199951171875,654.4650268554688,62767,0.0,0.0,0.0
2026-04-17 12:35:00-04:00,654.469970703125,654.75,654.4299926757812,654.5999755859375,46639,0.0,0.0,0.0
2026-04-17 12:40:00-04:00,654.6199951171875,654.72998046875,654.4500122070312,654.719970703125,35519,0.0,0.0,0.0
2026-04-17 12:45:00-04:00,654.7249755859375,654.8770141601562,654.7100219726562,654.72998046875,44461,0.0,0.0,0.0
2026-04-17 12:50:00-04:00,654.719970703125,654.8800048828125,654.6199951171875,654.6600952148438,33102,0.0,0.0,0.0
2026-04-17 12:55:00-04:00,654.6500244140625,654.689208984375,654.4503784179688,654.4990234375,44587,0.0,0.0,0.0
2026-04-17 13:00:00-04:00,654.47998046875,654.7000122070312,654.4600219726562,654.6199951171875,56942,0.0,0.0,0.0
2026-04-17 13:05:00-04:00,654.635009765625,654.6500244140625,653.4000244140625,654.0349731445312,49785,0.0,0.0,0.0
2026-04-17 13:10:00-04:00,653.969970703125,654.0800170898438,653.5900268554688,653.8201293945312,34884,0.0,0.0,0.0
2026-04-17 13:15:00-04:00,653.8599853515625,653.97119140625,653.5399780273438,653.5599975585938,43841,0.0,0.0,0.0
2026-04-17 13:20:00-04:00,653.4949951171875,653.7100219726562,651.8499755859375,652.3099975585938,117923,0.0,0.0,0.0
2026-04-17 13:25:00-04:00,652.510009765625,652.8599853515625,651.989990234375,652.6099853515625,74016,0.0,0.0,0.0
2026-04-17 13:30:00-04:00,652.5850219726562,652.97998046875,652.4299926757812,652.5599975585938,47521,0.0,0.0,0.0
2026-04-17 13:35:00-04:00,652.5449829101562,653.010009765625,652.3400268554688,652.72998046875,59020,0.0,0.0,0.0
2026-04-17 13:40:00-04:00,652.7000732421875,652.8394775390625,652.5156860351562,652.6199951171875,32052,0.0,0.0,0.0
2026-04-17 13:45:00-04:00,652.6799926757812,653.3400268554688,652.6799926757812,653.1071166992188,36149,0.0,0.0,0.0
2026-04-17 13:50:00-04:00,653.0499877929688,653.3302612304688,653.030029296875,653.2000122070312,34922,0.0,0.0,0.0
2026-04-17 13:55:00-04:00,653.2050170898438,653.3599853515625,652.9400024414062,652.9871215820312,32685,0.0,0.0,0.0
2026-04-17 14:00:00-04:00,652.9901123046875,653.1500244140625,652.6400146484375,652.7449951171875,34063,0.0,0.0,0.0
2026-04-17 14:05:00-04:00,652.739990234375,652.7999877929688,652.25,652.3200073242188,57384,0.0,0.0,0.0
2026-04-17 14:10:00-04:00,652.3499755859375,652.5399780273438,652.1099853515625,652.22998046875,45030,0.0,0.0,0.0
2026-04-17 14:15:00-04:00,652.27001953125,652.5549926757812,652.1749877929688,652.405029296875,34164,0.0,0.0,0.0
2026-04-17 14:20:00-04:00,652.3482055664062,652.614990234375,651.9299926757812,652.5150146484375,52112,0.0,0.0,0.0
2026-04-17 14:25:00-04:00,652.5,653.010009765625,652.4000244140625,652.52001953125,48725,0.0,0.0,0.0
2026-04-17 14:30:00-04:00,652.635009765625,653.0700073242188,652.6300048828125,652.989990234375,36084,0.0,0.0,0.0
2026-04-17 14:35:00-04:00,653.010009765625,653.0599975585938,652.75,652.8599853515625,25774,0.0,0.0,0.0
2026-04-17 14:40:00-04:00,652.8250122070312,652.9099731445312,652.510009765625,652.8300170898438,27842,0.0,0.0,0.0
2026-04-17 14:45:00-04:00,652.7899780273438,652.9000244140625,652.5700073242188,652.6099853515625,39421,0.0,0.0,0.0
2026-04-17 14:50:00-04:00,652.5499877929688,652.5900268554688,651.969970703125,652.260009765625,54833,0.0,0.0,0.0
2026-04-17 14:55:00-04:00,652.260009765625,652.6994018554688,652.25,652.4000244140625,52554,0.0,0.0,0.0
2026-04-17 15:00:00-04:00,652.3900146484375,652.6199951171875,652.3599853515625,652.4199829101562,44946,0.0,0.0,0.0
2026-04-17 15:05:00-04:00,652.4000244140625,652.4185180664062,652.0800170898438,652.1749877929688,39098,0.0,0.0,0.0
2026-04-17 15:10:00-04:00,652.1950073242188,652.219970703125,651.7899780273438,651.9299926757812,64251,0.0,0.0,0.0
2026-04-17 15:15:00-04:00,651.9000244140625,652.3300170898438,651.9000244140625,652.2000122070312,38931,0.0,0.0,0.0
2026-04-17 15:20:00-04:00,652.280029296875,652.3200073242188,651.9500122070312,652.1099853515625,38314,0.0,0.0,0.0
2026-04-17 15:25:00-04:00,652.1099853515625,652.260009765625,651.989990234375,652.0549926757812,34403,0.0,0.0,0.0
2026-04-17 15:30:00-04:00,652.0399780273438,652.6400146484375,652.0399780273438,652.5499877929688,47988,0.0,0.0,0.0
2026-04-17 15:35:00-04:00,652.5,652.8400268554688,652.3099975585938,652.72998046875,98091,0.0,0.0,0.0
2026-04-17 15:40:00-04:00,652.72998046875,653.0399780273438,652.5599975585938,652.9949951171875,124585,0.0,0.0,0.0
2026-04-17 15:45:00-04:00,652.97998046875,652.9849853515625,652.489990234375,652.594970703125,57528,0.0,0.0,0.0
2026-04-17 15:50:00-04:00,652.6099853515625,652.9199829101562,652.4099731445312,652.8599853515625,90446,0.0,0.0,0.0
2026-04-17 15:55:00-04:00,652.8800048828125,653.0499877929688,652.5800170898438,652.760009765625,119624,0.0,0.0,0.0
